type,name,module,path,hash
"csv","agent-manifest","_config","_config/agent-manifest.csv","577b25455c05a712c0ada8fbd67596204552309c383c443a9e43da3e07465c63"
"yaml","manifest","_config","_config/manifest.yaml","c0f0ae778493dee8dc91b998f350c3247174c33a6afd1ea4f1d47a6bff05c95f"
"csv","module-help","bmb","bmb/bmad-bmb-setup/assets/module-help.csv","a32a9e9c6b7e16c9e0bd6a837aeafcf41afad79c3f7c2a8de2c946d0c871d886"
"csv","module-help","bmb","bmb/bmad-module-builder/assets/setup-skill-template/assets/module-help.csv","e5b0818d33b4d59e4813d3008c9f5c3179d2c8407dd9ee0e96436ca41fa69594"
"csv","module-help","bmb","bmb/module-help.csv","e09321338865d3857abe99219881342bd76478dbd968934c67a761b96f05b02c"
"md","agent-type-guidance","bmb","bmb/bmad-agent-builder/references/agent-type-guidance.md","a5e311211cb81b80cd3c2752738d054e2d20d7b789e4c5e8293001a02e9cb875"
"md","BOND-template","bmb","bmb/bmad-agent-builder/assets/BOND-template.md","6b6a6b6db52868f5d4b4de39e529a0c1a63a0e7776645ebeb21cda88ea510237"
"md","build-process","bmb","bmb/bmad-agent-builder/references/build-process.md","19db384e79b3e1d83d61e2f15ab2e1b366dbe22e5319766e1b177788d6a3586f"
"md","build-process","bmb","bmb/bmad-workflow-builder/references/build-process.md","87958ef19f618a3f04a926ba68e966bec7071b5495502304e0a6ef157daf5cdc"
"md","CAPABILITIES-template","bmb","bmb/bmad-agent-builder/assets/CAPABILITIES-template.md","ba2fd4b7383e31daff76ce4495c8e200d833850c86ee2b567e091cdb9124efc1"
"md","capability-authoring-template","bmb","bmb/bmad-agent-builder/assets/capability-authoring-template.md","d03139cdecffc83b39cea0cae1475a5a137d6232b4c05914fa887199ea7585d7"
"md","classification-reference","bmb","bmb/bmad-workflow-builder/references/classification-reference.md","05241994fc42dabb2f8220ae3d1628a52dee11617ff5edcd869ff0bfdfacb4d9"
"md","complex-workflow-patterns","bmb","bmb/bmad-workflow-builder/references/complex-workflow-patterns.md","1bd9a82f905da2963a9ab1ddeb890a3574d1fe10ba97350c84bc76c273740f2d"
"md","convert-process","bmb","bmb/bmad-workflow-builder/references/convert-process.md","ffc98cfdca577e073e86d59e6b49b98c436000576286bf69d7449cc3d8817177"
"md","create-module","bmb","bmb/bmad-module-builder/references/create-module.md","4d4f4192b5bcac55f96abb51156c82b429d5a44b87a07b375db55f3d657ec2c4"
"md","CREED-template","bmb","bmb/bmad-agent-builder/assets/CREED-template.md","da933b50395ff440ea726ff7c38ed8dccd759c1ac33cf310b2952c23edcf2b17"
"md","edit-guidance","bmb","bmb/bmad-agent-builder/references/edit-guidance.md","76db92dc6e9cfc0ab99fff46075fb418311f5f278d924943ab90224d7fc7c71f"
"md","first-breath-adaptation-guidance","bmb","bmb/bmad-agent-builder/references/first-breath-adaptation-guidance.md","69755aca7e5ad4dcf05c092d9d1b330857a7b8cb93f3feec1e5452520b5599a6"
"md","first-breath-config-template","bmb","bmb/bmad-agent-builder/assets/first-breath-config-template.md","e2e7260450bd96ef95708c29fa07817bc08886424ad984df3e19adb430c8c009"
"md","first-breath-template","bmb","bmb/bmad-agent-builder/assets/first-breath-template.md","cb187f140b2d8d590bfdb341518a9110b3f21605e002e36675b673eea1195949"
"md","ideate-module","bmb","bmb/bmad-module-builder/references/ideate-module.md","d173a9c9d19095835d92b3fb269a198fab34378ed14dbf72ee6f503a5ffd00b3"
"md","INDEX-template","bmb","bmb/bmad-agent-builder/assets/INDEX-template.md","8b73dc1a25711967c350050fc517c3d18c4c555ef5be06d07a20cde1a7287814"
"md","memory-guidance-template","bmb","bmb/bmad-agent-builder/assets/memory-guidance-template.md","1c01b65ed84440767ad9766ef36686f26c5d648333387a244f609f0da72f986e"
"md","MEMORY-template","bmb","bmb/bmad-agent-builder/assets/MEMORY-template.md","17527537efa3dbeff1fb5faa0e24f211490aa3e40b3dc75f9361c9ad8ff74b6d"
"md","mission-writing-guidance","bmb","bmb/bmad-agent-builder/references/mission-writing-guidance.md","5d355a2415e17975d8b1a9764e83615bb14a22dd1388efb838c7ed7511358896"
"md","module-plan-template","bmb","bmb/bmad-module-builder/assets/module-plan-template.md","1ab3311c310cc7127f9d227d7904f1e5f73f956593370c892e5cba0ae5df830e"
"md","module-setup","bmb","bmb/bmad-module-builder/assets/standalone-module-template/module-setup.md","be8bdd2d6b6497e0ff560eb7846a3013067351560a073068e25e2f4486189d4b"
"md","PERSONA-template","bmb","bmb/bmad-agent-builder/assets/PERSONA-template.md","0b0d7fb452894a8d95c4f6a0b5e36eefa8c8927fb9756817e43afa46fd8bf528"
"md","PULSE-template","bmb","bmb/bmad-agent-builder/assets/PULSE-template.md","57a34b519a7c3bc6bed055cbdb223fae16273a3e44866768c918ecbe983df744"
"md","quality-analysis","bmb","bmb/bmad-agent-builder/references/quality-analysis.md","e412991fa87714724bcd83a47ec15733efcc89f73faee1dd676421c52c1a7422"
"md","quality-analysis","bmb","bmb/bmad-workflow-builder/references/quality-analysis.md","3df70daec0ab3dbe4f30734faf31b6e9b18d93dd612c001e51c140cd99207a50"
"md","quality-dimensions","bmb","bmb/bmad-agent-builder/references/quality-dimensions.md","fa3138dea60027fa27747135f266749aa25a0db4a6d5fcac4d8c08e37b9bce46"
"md","quality-dimensions","bmb","bmb/bmad-workflow-builder/references/quality-dimensions.md","9f3e79de0ea00d00055928c608d66a4441a70f24aec0ff792ac869f4abb011ae"
"md","quality-scan-agent-cohesion","bmb","bmb/bmad-agent-builder/references/quality-scan-agent-cohesion.md","3ed382e1ca5188b369e44d3ca3f7e35c7d74eef8de26ef7bd29e316e4625bb13"
"md","quality-scan-enhancement-opportunities","bmb","bmb/bmad-agent-builder/references/quality-scan-enhancement-opportunities.md","333720e2bb6d80c9fb74118df9c5ffb64f6981423cff54bad6c4e94d47398a2c"
"md","quality-scan-enhancement-opportunities","bmb","bmb/bmad-workflow-builder/references/quality-scan-enhancement-opportunities.md","5d77b3e0b8a924c1e426688523d5916050ba1d5a7fd89b2bcac79c64764fbdd7"
"md","quality-scan-execution-efficiency","bmb","bmb/bmad-agent-builder/references/quality-scan-execution-efficiency.md","50bbcb7a2e206110fafc36c8ee5527ed45cfe62afd9026aa5e14a18a9eef23e5"
"md","quality-scan-execution-efficiency","bmb","bmb/bmad-workflow-builder/references/quality-scan-execution-efficiency.md","36cfbf0d5cb17bf7bd32babd6ddc9917658cccb85f1bab59da4f009bc4f7b5db"
"md","quality-scan-prompt-craft","bmb","bmb/bmad-agent-builder/references/quality-scan-prompt-craft.md","b9d5321122f5d8b0ea4ca80a8ed24348c6c112a6ddcaa369edcd40b659a30c0e"
"md","quality-scan-prompt-craft","bmb","bmb/bmad-workflow-builder/references/quality-scan-prompt-craft.md","748b548012d50bcceb00776b56236d20c60e596556178cac87b8de78c7c38ea2"
"md","quality-scan-sanctum-architecture","bmb","bmb/bmad-agent-builder/references/quality-scan-sanctum-architecture.md","9b95b14afc8724406ddb1a34fef0d3cdf260ed04993de093abeffdb0085f298f"
"md","quality-scan-script-opportunities","bmb","bmb/bmad-agent-builder/references/quality-scan-script-opportunities.md","f1f754cc572d297e5eb5cc8eac9fa5b2f911ba6bf38305241338fc108e624945"
"md","quality-scan-script-opportunities","bmb","bmb/bmad-workflow-builder/references/quality-scan-script-opportunities.md","ca805bec6d6fd12f07d6c04e8be8c85c6edb8b41cf56c6928f4958dcfe89c28a"
"md","quality-scan-skill-cohesion","bmb","bmb/bmad-workflow-builder/references/quality-scan-skill-cohesion.md","e3da4d802b1a67aa02e9482c072a6d50027168f2487749c65aaccf9debb1a972"
"md","quality-scan-structure","bmb","bmb/bmad-agent-builder/references/quality-scan-structure.md","814c5718f587e7560c7ff6cf462a39ea562bb2cab36ff8f998ca736b5e4aa6da"
"md","quality-scan-workflow-integrity","bmb","bmb/bmad-workflow-builder/references/quality-scan-workflow-integrity.md","69f9c4f42cfdc5f7ab4e3b76450c9d3c6f41bbeb0fff6095cc938ed8d8d66f95"
"md","report-quality-scan-creator","bmb","bmb/bmad-agent-builder/references/report-quality-scan-creator.md","d9d3cf84677f6ac83c5398cae0efd0954b0f4befa50495c20a8d2ec7e62f977e"
"md","report-quality-scan-creator","bmb","bmb/bmad-workflow-builder/references/report-quality-scan-creator.md","5cb2c0076fd3540cc8ebfa017b377cac9010aa5bbd124ed202a8c0ee77f906c9"
"md","sample-capability-authoring","bmb","bmb/bmad-agent-builder/references/sample-capability-authoring.md","c188394fe5c1fbe0998e4d03c1e4a13f251708eb6eea41efde4a02cac62d356e"
"md","sample-capability-prompt","bmb","bmb/bmad-agent-builder/references/sample-capability-prompt.md","89fa50211cc54b0ff375d216303464cd781ce5ddaeace21cf9f89a5549625ea5"
"md","sample-first-breath","bmb","bmb/bmad-agent-builder/references/sample-first-breath.md","ea55b9eaee5fb5d51d928761d988e05066b6faa448852fa4e512dc65f4febcb9"
"md","sample-memory-guidance","bmb","bmb/bmad-agent-builder/references/sample-memory-guidance.md","439aa16ed25f63ba42c7d7935cdb33226b8193862ed8e051015aa99fedb035ec"
"md","script-opportunities-reference","bmb","bmb/bmad-agent-builder/references/script-opportunities-reference.md","7fc382a1561498c8c9b5e5d83d16e94a1076985773a848f55f15f2fa27c55cce"
"md","script-opportunities-reference","bmb","bmb/bmad-workflow-builder/references/script-opportunities-reference.md","2a0cbc6c4fd33163fe2b0c45d64abd279588a27fa1dadacfa1e91967527a92e7"
"md","script-standards","bmb","bmb/bmad-agent-builder/references/script-standards.md","802f9de7527f3ebe2da9cde2ca6b6ac9efb639a6cce6616c9469cd9da42c1c0d"
"md","script-standards","bmb","bmb/bmad-workflow-builder/references/script-standards.md","e33b793bd32d56a71363997a152e69540961148a44bb6e905a3525531124a706"
"md","SKILL","bmb","bmb/bmad-agent-builder/SKILL.md","dfb73ea0b09e79347ebb22781a2d4e38cc24e5fe39019040777ed307d5bd669b"
"md","SKILL","bmb","bmb/bmad-bmb-setup/SKILL.md","d734a3b5a4c5c3f86e17788688629972f3550f58fe6d06c57652e90742066b58"
"md","SKILL","bmb","bmb/bmad-module-builder/SKILL.md","344ee5a895878611f0241ad36352d3331871dc204bc6c5efce527927266bf8bc"
"md","SKILL","bmb","bmb/bmad-module-builder/assets/setup-skill-template/SKILL.md","9df94238c21ea09c64f340ec69da0138616731cd5ba515439aa32327b05e7655"
"md","SKILL","bmb","bmb/bmad-workflow-builder/SKILL.md","f089842dacece899bc6238711ad6de0b880c76ab32b5380f9bafd07f8fa37538"
"md","skill-best-practices","bmb","bmb/bmad-agent-builder/references/skill-best-practices.md","048cdd5ac5eb1ba2c2a65dbfae8056769bbab61d37dcfb4c3f2045375a5db8c2"
"md","skill-best-practices","bmb","bmb/bmad-workflow-builder/references/skill-best-practices.md","62a83b409f347a207489efea646e4a03cd652e42ee77f6cbdbc4f426f27e4a13"
"md","SKILL-template","bmb","bmb/bmad-agent-builder/assets/SKILL-template.md","6f6061be60f1e3a49ef4f8d36ef87cab918d43e76508027bb7b74c965bc336db"
"md","SKILL-template","bmb","bmb/bmad-workflow-builder/assets/SKILL-template.md","37e53986ebd8ab495961b5be0254f6d9f2ba9098088f3450369b885faca72aa4"
"md","SKILL-template-bootloader","bmb","bmb/bmad-agent-builder/assets/SKILL-template-bootloader.md","2dd81f1c196d7d48fcffeb6c1d90c11ea53cd27d0f7ea681f0ebb8f2970d3827"
"md","standard-fields","bmb","bmb/bmad-agent-builder/references/standard-fields.md","0cd78a74f0124b2aa6468ea72a72ef86fd01c920653b7bc70604da12956d55ef"
"md","standard-fields","bmb","bmb/bmad-workflow-builder/references/standard-fields.md","ce628dd3d052a3b82b6e868a2f00f4fc744de37dd48bb091461fa260ed16e080"
"md","standing-order-guidance","bmb","bmb/bmad-agent-builder/references/standing-order-guidance.md","75c9cee7f7f9c9c5d8fe67ae18c74366afc70588f425cfa251c4c88e6d4fef2d"
"md","template-substitution-rules","bmb","bmb/bmad-agent-builder/references/template-substitution-rules.md","e8a00f3953593befe72439353d10114b9b26b36873b90d6a7d6709b6c6b3f26b"
"md","template-substitution-rules","bmb","bmb/bmad-workflow-builder/references/template-substitution-rules.md","41de9d8f4ef42fc575f7f4eeacd01385403a89b7ade56dd789088db2ad04ab07"
"md","validate-module","bmb","bmb/bmad-module-builder/references/validate-module.md","a6994533a839838f6999810632f9ceeb6440cec98c09542c029b2044a474cb50"
"py","cleanup-legacy","bmb","bmb/bmad-bmb-setup/scripts/cleanup-legacy.py","827b32af838a8b0c4d85e4c44cfe89f6ddfffef3df4f27da7547c8dcbdc7f946"
"py","cleanup-legacy","bmb","bmb/bmad-module-builder/assets/setup-skill-template/scripts/cleanup-legacy.py","827b32af838a8b0c4d85e4c44cfe89f6ddfffef3df4f27da7547c8dcbdc7f946"
"py","generate-convert-report","bmb","bmb/bmad-workflow-builder/scripts/generate-convert-report.py","ed422a17276120ef4d8674b3622ed340503d083bd7e193636cbeab6e772a53da"
"py","generate-html-report","bmb","bmb/bmad-agent-builder/scripts/generate-html-report.py","db8ef884f4389107579829043133315725cded5a0f00552a439b79ccf1c852bb"
"py","generate-html-report","bmb","bmb/bmad-workflow-builder/scripts/generate-html-report.py","b6ef8974c445f160793c85a6d7d192637e4d1aba29527fd003d3e05a7c222081"
"py","init-sanctum-template","bmb","bmb/bmad-agent-builder/assets/init-sanctum-template.py","da197cc3003f04d8b08a966c2c84879e3f612226af3171dd1e59077f597598aa"
"py","merge-config","bmb","bmb/bmad-bmb-setup/scripts/merge-config.py","56f9e79cbdf236083a4afb156944945cc47b0eea355a881f1ee433d9664a660d"
"py","merge-config","bmb","bmb/bmad-module-builder/assets/setup-skill-template/scripts/merge-config.py","56f9e79cbdf236083a4afb156944945cc47b0eea355a881f1ee433d9664a660d"
"py","merge-config","bmb","bmb/bmad-module-builder/assets/standalone-module-template/merge-config.py","56f9e79cbdf236083a4afb156944945cc47b0eea355a881f1ee433d9664a660d"
"py","merge-help-csv","bmb","bmb/bmad-bmb-setup/scripts/merge-help-csv.py","f30cd4c3a2c66153c54a6574caf0d1de82bbdad0ebe219f6cc16afb982873968"
"py","merge-help-csv","bmb","bmb/bmad-module-builder/assets/setup-skill-template/scripts/merge-help-csv.py","f30cd4c3a2c66153c54a6574caf0d1de82bbdad0ebe219f6cc16afb982873968"
"py","merge-help-csv","bmb","bmb/bmad-module-builder/assets/standalone-module-template/merge-help-csv.py","f30cd4c3a2c66153c54a6574caf0d1de82bbdad0ebe219f6cc16afb982873968"
"py","prepass-execution-deps","bmb","bmb/bmad-agent-builder/scripts/prepass-execution-deps.py","3c9c8998b3e3b00007027c73ff75bf4d568447a50f8ee9e291f4d9df614e4767"
"py","prepass-execution-deps","bmb","bmb/bmad-workflow-builder/scripts/prepass-execution-deps.py","8c53ae6deb0b54bd1edcb345a6e53398b938e285e5a8cec4191cac3846119f24"
"py","prepass-prompt-metrics","bmb","bmb/bmad-agent-builder/scripts/prepass-prompt-metrics.py","ce3808ccb4bff66f555aa2311b455004a58a1627e69bf99f0b35cf7b11595d19"
"py","prepass-prompt-metrics","bmb","bmb/bmad-workflow-builder/scripts/prepass-prompt-metrics.py","edeff2f48c375b79cad66e8322d3b1ac82d0a5c5513fb62518c387071de8581b"
"py","prepass-sanctum-architecture","bmb","bmb/bmad-agent-builder/scripts/prepass-sanctum-architecture.py","e26e96d50cf6efcfc400e5addb53b4765c676247ac834517597da910dc334300"
"py","prepass-structure-capabilities","bmb","bmb/bmad-agent-builder/scripts/prepass-structure-capabilities.py","a744cd75073c3976579fe5ad972e30df7631f9acffe7476dafd14151dc42481b"
"py","prepass-workflow-integrity","bmb","bmb/bmad-workflow-builder/scripts/prepass-workflow-integrity.py","1beb181f4cc1acb6a35e740c147f30cdd1d1581f0de0256fc2d4977f3dfc9ff0"
"py","process-template","bmb","bmb/bmad-agent-builder/scripts/process-template.py","2a78f5931e764cf75c9872e14600e53963d9debd86f7e862aa9d8d40ec315172"
"py","sample-init-sanctum","bmb","bmb/bmad-agent-builder/references/sample-init-sanctum.py","478d1e6a640eb3dc36b24b08a91dd6dbcfb4a2780ba82f114d310e11133c4aa6"
"py","scaffold-setup-skill","bmb","bmb/bmad-module-builder/scripts/scaffold-setup-skill.py","b1df022164bb4c7e3e733a66e440637f255ddc8512ec43e4cb7206e3aae40532"
"py","scaffold-standalone-module","bmb","bmb/bmad-module-builder/scripts/scaffold-standalone-module.py","8efa8f264f300ef1242e01b1729290e2ded11f330a703af078b848850ae9edb3"
"py","scan-path-standards","bmb","bmb/bmad-agent-builder/scripts/scan-path-standards.py","a37fd299deda25e94e9a3b14d72504aa8c0ffdd3d22d83e4e5de1d6236c4cec2"
"py","scan-path-standards","bmb","bmb/bmad-workflow-builder/scripts/scan-path-standards.py","289f3b31b9260464f1b4de089ddb3a621b6d75b11c8e5ce24a660dafface9f60"
"py","scan-scripts","bmb","bmb/bmad-agent-builder/scripts/scan-scripts.py","73f3714d5d5f612b358ffec2cfb0282545d8b77bf562cd4b6072937059d97ca3"
"py","scan-scripts","bmb","bmb/bmad-workflow-builder/scripts/scan-scripts.py","1a6560996f7a45533dc688e7669b71405f5df031c4dfa7a14fc2fb8df2321a46"
"py","test_generate_convert_report","bmb","bmb/bmad-workflow-builder/scripts/tests/test_generate_convert_report.py","f962674f7caf8ab11d17f563237955a21cef4a176f51b855debeb6e079d7d348"
"py","test-scaffold-setup-skill","bmb","bmb/bmad-module-builder/scripts/tests/test-scaffold-setup-skill.py","f10d300453cbd509ff01886494986e7ef74d6d29534e6d5a4823e4244e83a38a"
"py","test-scaffold-standalone-module","bmb","bmb/bmad-module-builder/scripts/tests/test-scaffold-standalone-module.py","f2d9a2b67a94cb24c4b88d75650ae9b5e69a157886c4a4b15e5d2c09dc685935"
"py","test-validate-module","bmb","bmb/bmad-module-builder/scripts/tests/test-validate-module.py","6c92389aa12c5cf0e8243999d0328704b926d0bfcdcc2124e12cb82a878d8617"
"py","validate-module","bmb","bmb/bmad-module-builder/scripts/validate-module.py","e16e7d854ea9e4f0e9670f34f60360119ac6deae4587ebb12ed6a89ea90ec7c9"
"yaml","config","bmb","bmb/config.yaml","fb8906bc13923043c3ced865fb2f807c34fc851fdf98a744d1293917e28238ec"
"yaml","module","bmb","bmb/bmad-bmb-setup/assets/module.yaml","d9cb53ff118c5c45d393b5a0f3498cdfc20d7f47acf491970157d36a7e9f5462"
"yaml","module","bmb","bmb/bmad-module-builder/assets/setup-skill-template/assets/module.yaml","9ebacf189dcd2e353509bfa0fa70c90b84d5fe749022a3571e5321598e1ae9fa"
"csv","design-methods","cis","cis/skills/bmad-cis-design-thinking/design-methods.csv","6735e9777620398e35b7b8ccb21e9263d9164241c3b9973eb76f5112fb3a8fc9"
"csv","innovation-frameworks","cis","cis/skills/bmad-cis-innovation-strategy/innovation-frameworks.csv","9a14473b1d667467172d8d161e91829c174e476a030a983f12ec6af249c4e42f"
"csv","module-help","cis","cis/module-help.csv","302e27b160769948f100542d9322fa51a70b94ec98d36610f0838677ec1db1d7"
"csv","solving-methods","cis","cis/skills/bmad-cis-problem-solving/solving-methods.csv","aa15c3a862523f20c199600d8d4d0a23fce1001010d7efc29a71abe537d42995"
"csv","story-types","cis","cis/skills/bmad-cis-storytelling/story-types.csv","ec5a3c713617bf7e2cf7db439303dd8f3363daa2f6db20a350c82260ade88bdb"
"md","SKILL","cis","cis/skills/bmad-cis-agent-brainstorming-coach/SKILL.md","99559ec54224f01db509ad5ca4234d623b94ee3a1949c7d4d0a480670b73bd52"
"md","SKILL","cis","cis/skills/bmad-cis-agent-creative-problem-solver/SKILL.md","139a0a0673d9c9cc7ce74aa62c3d1f46af09ae4b846280a52905a6d94c154f24"
"md","SKILL","cis","cis/skills/bmad-cis-agent-design-thinking-coach/SKILL.md","931ece9164ddb636bf4d85a052fe862f835219a4369383a3dd39afdc356f40e7"
"md","SKILL","cis","cis/skills/bmad-cis-agent-innovation-strategist/SKILL.md","f0c8a465f72046838722ff2989fe67c3b60265d087d3b7292ea0db1da496c60d"
"md","SKILL","cis","cis/skills/bmad-cis-agent-presentation-master/SKILL.md","898b56e7b8449f293d8522abe9bd78de9f331d11cfeb5411f00e45466557d776"
"md","SKILL","cis","cis/skills/bmad-cis-agent-storyteller/SKILL.md","2794a50b7936deb100f5de4eaddd5b3b94bcdffee5670ab2ae231675ad3acd55"
"md","SKILL","cis","cis/skills/bmad-cis-design-thinking/SKILL.md","3851c14c9a53828692fffc14c484e435adcd5452e2c8bed51f7c5dd54218e02e"
"md","SKILL","cis","cis/skills/bmad-cis-innovation-strategy/SKILL.md","9a4a90e4b81368ad09fe51a62fde1cc02aa176c828170b077c953c0b0b2f303d"
"md","SKILL","cis","cis/skills/bmad-cis-problem-solving/SKILL.md","d78b21e22a866da35f84b8aca704ef292c0d8b3444e30a79c82bca2f3af174f8"
"md","SKILL","cis","cis/skills/bmad-cis-storytelling/SKILL.md","2cfd311821f5ca76a4ad8338b58eb51da6bb508d8bb84ee2b5eb25ca816a3cd6"
"md","stories-told","cis","cis/skills/bmad-cis-agent-storyteller/stories-told.md","47ee9e599595f3d9daf96d47bcdacf55eeb69fbe5572f6b08a8f48c543bc62de"
"md","story-preferences","cis","cis/skills/bmad-cis-agent-storyteller/story-preferences.md","b70dbb5baf3603fdac12365ef24610685cba3b68a9bc41b07bbe455cbdcc0178"
"md","template","cis","cis/skills/bmad-cis-design-thinking/template.md","7834c387ac0412c841b49a9fcdd8043f5ce053e5cb26993548cf4d31b561f6f0"
"md","template","cis","cis/skills/bmad-cis-innovation-strategy/template.md","e59bd789df87130bde034586d3e68bf1847c074f63d839945e0c29b1d0c85c82"
"md","template","cis","cis/skills/bmad-cis-problem-solving/template.md","6c9efd7ac7b10010bd9911db16c2fbdca01fb0c306d871fa6381eef700b45608"
"md","template","cis","cis/skills/bmad-cis-storytelling/template.md","461981aa772ef2df238070cbec90fc40995df2a71a8c22225b90c91afed57452"
"md","workflow","cis","cis/skills/bmad-cis-design-thinking/workflow.md","ec849fe7ea8b15344fdfd40f63c6f65e0cd2eba4294dd5af85297fdf9681d1d7"
"md","workflow","cis","cis/skills/bmad-cis-innovation-strategy/workflow.md","53c35a0a3dc713a92b4d49e7d8f1c1187dd8c0603c86d424aee1c8b74a8345bf"
"md","workflow","cis","cis/skills/bmad-cis-problem-solving/workflow.md","073aee7667e91bb722b6dcc8708e765cd5d8b06ad3308dfc7456a21c01a64f91"
"md","workflow","cis","cis/skills/bmad-cis-storytelling/workflow.md","f2aff4f0495217c946bd0096b462eebde0c0501c796384cdd7f9efcd318695c4"
"yaml","bmad-skill-manifest","cis","cis/skills/bmad-cis-agent-brainstorming-coach/bmad-skill-manifest.yaml","5da43a49b039fc7158912ff216a93f661c08a38437631d63fea6eadea62006a9"
"yaml","bmad-skill-manifest","cis","cis/skills/bmad-cis-agent-creative-problem-solver/bmad-skill-manifest.yaml","c8be4e4e1f176e2d9d37c1e5bae0637a80d774f8e816f49792b672b2f551bfad"
"yaml","bmad-skill-manifest","cis","cis/skills/bmad-cis-agent-design-thinking-coach/bmad-skill-manifest.yaml","a291d86728c776975d93a72ea3bd16c9e9d6f571dd2fdbb99102aed59828abe3"
"yaml","bmad-skill-manifest","cis","cis/skills/bmad-cis-agent-innovation-strategist/bmad-skill-manifest.yaml","a34ff8a15f0a2b572b5d3a5bb56249e8ce48626dacb201042ebb18391c3b9314"
"yaml","bmad-skill-manifest","cis","cis/skills/bmad-cis-agent-presentation-master/bmad-skill-manifest.yaml","62dc2d1ee91093fc9f5112c0a04d0d82e8ae3d272d39007b2a1bdd668ef06605"
"yaml","bmad-skill-manifest","cis","cis/skills/bmad-cis-agent-storyteller/bmad-skill-manifest.yaml","516c3bf4db5aa2ac0498b181e8dacecd53d7712afc7503dc9d0896a8ade1a21e"
"yaml","bmad-skill-manifest","cis","cis/skills/bmad-cis-design-thinking/bmad-skill-manifest.yaml","ea1b058a23cd4fb442f2e7bc7a3a871b73391c0d18c32ddad020dd56b20425ee"
"yaml","bmad-skill-manifest","cis","cis/skills/bmad-cis-innovation-strategy/bmad-skill-manifest.yaml","ea1b058a23cd4fb442f2e7bc7a3a871b73391c0d18c32ddad020dd56b20425ee"
"yaml","bmad-skill-manifest","cis","cis/skills/bmad-cis-problem-solving/bmad-skill-manifest.yaml","ea1b058a23cd4fb442f2e7bc7a3a871b73391c0d18c32ddad020dd56b20425ee"
"yaml","bmad-skill-manifest","cis","cis/skills/bmad-cis-storytelling/bmad-skill-manifest.yaml","ea1b058a23cd4fb442f2e7bc7a3a871b73391c0d18c32ddad020dd56b20425ee"
"yaml","config","cis","cis/config.yaml","e6819d1d133768cfd2a0ead13e329b936bddb5b73d873f94e3a2789cf6de70dc"
"csv","brain-methods","core","core/bmad-brainstorming/brain-methods.csv","0ab5878b1dbc9e3fa98cb72abfc3920a586b9e2b42609211bb0516eefd542039"
"csv","methods","core","core/bmad-advanced-elicitation/methods.csv","e08b2e22fec700274982e37be608d6c3d1d4d0c04fa0bae05aa9dba2454e6141"
"csv","module-help","core","core/module-help.csv","3a16823dcffc0c08f30097f2eb2244e81d5f3debecd323cd484131245389203c"
"md","compression-rules","core","core/bmad-distillator/resources/compression-rules.md","86e53d6a2072b379864766681d1cc4e1aad3d4428ecca8c46010f7364da32724"
"md","distillate-compressor","core","core/bmad-distillator/agents/distillate-compressor.md","c00da33b39a43207a224c4043d1aa4158e90e41ab421fff0ea7cc55beec81ef8"
"md","distillate-format-reference","core","core/bmad-distillator/resources/distillate-format-reference.md","5c23eed087d950b68d307f5cbf001dac8f73e822f307f3a4ef5f4cb57ddeda99"
"md","round-trip-reconstructor","core","core/bmad-distillator/agents/round-trip-reconstructor.md","47c83f4a37249ddac38460d8c95d162f6fc175a8919888e8090aed71bd9383bc"
"md","SKILL","core","core/bmad-advanced-elicitation/SKILL.md","1a7396d28ba7524588d44e5eac9b6a41372a0bf8d9e1c4c469728493abd5e12f"
"md","SKILL","core","core/bmad-brainstorming/SKILL.md","f4a2c22b40ed34cdbd3282dd6161a3b869902f3bc75b58e181fc9faf78eedd9d"
"md","SKILL","core","core/bmad-distillator/SKILL.md","756ee0706ff6b8a3d5726b465e81ba244e4eaeba21b7de0d2390473acebb5ddc"
"md","SKILL","core","core/bmad-editorial-review-prose/SKILL.md","b3687fe80567378627bc2a0c5034ae8d65dfeedcf2b6c90da077f4feca462d0c"
"md","SKILL","core","core/bmad-editorial-review-structure/SKILL.md","164444359d74f695a84faf7ea558d0eef39c75561e6b26669f97a165c6f75538"
"md","SKILL","core","core/bmad-help/SKILL.md","cd7096b2ff55b2b87e12d6b9c4c9ea13dfca78c49299a09327c97107f9531da8"
"md","SKILL","core","core/bmad-index-docs/SKILL.md","a855d7060414e73ca4fe8e1a3e1cc4d0f2ce394846e52340bdf5a1317e0d234a"
"md","SKILL","core","core/bmad-party-mode/SKILL.md","0e24fb777af648d3f093b6f8932a4b91a9fe1b459439b661fcb7879ac50e2ac0"
"md","SKILL","core","core/bmad-review-adversarial-general/SKILL.md","7bffc39e6dba4d9123648c5d4d79e17c3c5b1efbd927c3fe0026c2dbb8d99cff"
"md","SKILL","core","core/bmad-review-edge-case-hunter/SKILL.md","f49ed9976f46b4cefa1fc8b4f0a495f16089905e6a7bbf4ce73b8f05c9ae3ee6"
"md","SKILL","core","core/bmad-shard-doc/SKILL.md","3a1538536514725fd4f31aded280ee56b9645fc61d114fd94aacb3ac52304e52"
"md","splitting-strategy","core","core/bmad-distillator/resources/splitting-strategy.md","26d3ed05f912cf99ff9ebe2353f2d84d70e3e852e23a32b1215c13416ad708b5"
"md","step-01-session-setup","core","core/bmad-brainstorming/steps/step-01-session-setup.md","7fd2aed9527ccdf35fc86bd4c9b27b4a530b5cfdfb90ae2b7385d3185bcd60bc"
"md","step-01b-continue","core","core/bmad-brainstorming/steps/step-01b-continue.md","49f8d78290291f974432bc8e8fce340de58ed62aa946e9e3182858bf63829920"
"md","step-02a-user-selected","core","core/bmad-brainstorming/steps/step-02a-user-selected.md","7ff3bca27286d17902ecea890494599796633e24a25ea6b31bbd6c3d2e54eba2"
"md","step-02b-ai-recommended","core","core/bmad-brainstorming/steps/step-02b-ai-recommended.md","cb77b810e0c98e080b4378999f0e250bacba4fb74c1bcb0a144cffe9989d2cbd"
"md","step-02c-random-selection","core","core/bmad-brainstorming/steps/step-02c-random-selection.md","91c6e16213911a231a41b1a55be7c939e7bbcd1463bd49cb03b5b669a90c0868"
"md","step-02d-progressive-flow","core","core/bmad-brainstorming/steps/step-02d-progressive-flow.md","6b6fbbd34bcf334d79f09e8c36ed3c9d55ddd3ebb8f8f77aa892643d1a4e3436"
"md","step-03-technique-execution","core","core/bmad-brainstorming/steps/step-03-technique-execution.md","b97afefd4ccc5234e554a3dfc5555337269ce171e730b250c756718235e9df60"
"md","step-04-idea-organization","core","core/bmad-brainstorming/steps/step-04-idea-organization.md","acb7eb6a54161213bb916cabf7d0d5084316704e792a880968fc340855cdcbbb"
"md","template","core","core/bmad-brainstorming/template.md","5c99d76963eb5fc21db96c5a68f39711dca7c6ed30e4f7d22aedee9e8bb964f9"
"md","workflow","core","core/bmad-brainstorming/workflow.md","74c87846a5cda7a4534ea592ea3125a8d8a1a88d19c94f5f4481fb28d0d16bf2"
"py","analyze_sources","core","core/bmad-distillator/scripts/analyze_sources.py","31e2a8441c3c43c2536739c580cdef6abecb18ff20e7447f42dd868875783166"
"py","test_analyze_sources","core","core/bmad-distillator/scripts/tests/test_analyze_sources.py","d90525311f8010aaf8d7d9212a370468a697866190bae78c35d0aae9b7f23fdf"
"yaml","config","core","core/config.yaml","649687163e579a66f2f3ffff4018cfe3f62bfd2c247ffe3e3b8b4cfc89a2ebdb"
